Workbook

Sheet Sheet1
A1: 번호 | B1: 식별번호 | C1: 초본주소 | D1: 신고연도 | E1: 신고사유 | F1: 이격거리 | G1: 위도 | H1: 경도 | J1: 피해자번호(식별ID)
A2: 10001 | B2: 1 | C2: 경기도 김포군 대곶면 거물대리 212 | D2: 1977 | E2: 신규등록 | F2: 0.57984975 | G2: 126.59935 | H2: 37.668619 | J2: 16-1-0001 | K2: =VLOOKUP(J2, Sheet3!$A$1:$C$470, 2, FALSE) -> 1
A3: 10002 | B3: 1 | C3: 경기도 김포군 대곶면 거물대리 187 | D3: 1985 | E3: 전입 | F3: 0.41856991 | G3: 126.59949 | H3: 37.666233 | J3: 16-1-0001 | K3: =VLOOKUP(J3, Sheet3!$A$1:$C$470, 2, FALSE) -> 1
A4: 10003 | B4: 1 | C4: 경기도 김포군 대곶면 거물대리 187 | D4: 1996 | E4: 명칭변경 | F4: 0.41856991 | G4: 126.59949 | H4: 37.666233 | J4: 16-1-0001 | K4: =VLOOKUP(J4, Sheet3!$A$1:$C$470, 2, FALSE) -> 1
A5: 10004 | B5: 1 | C5: 경기도 김포시 대곶면 거물대리 187 | D5: 1998 | E5: 행정구역변경 | F5: 0.41856991 | G5: 126.59949 | H5: 37.666233 | J5: 16-1-0001 | K5: =VLOOKUP(J5, Sheet3!$A$1:$C$470, 2, FALSE) -> 1
A6: 10005 | B6: 1 | C6: 경기도 김포시 대곶면 거물대리 187 | D6: 2004 | E6: 세대주변경 | F6: 0.41856991 | G6: 126.59949 | H6: 37.666233 | J6: 16-1-0001 | K6: =VLOOKUP(J6, Sheet3!$A$1:$C$470, 2, FALSE) -> 1
A7: 10006 | B7: 1 | C7: 경기도 김포시 대곶면 율마로194번길 62-18 | D7: 2011 | E7: 도로명주소 | F7: 0.41409516 | G7: 126.59945 | H7: 37.666214 | J7: 16-1-0001 | K7: =VLOOKUP(J7, Sheet3!$A$1:$C$470, 2, FALSE) -> 1
A8: 10007 | B8: 1 | C8: 경기도 김포시 대곶면 율마로194번길 62-18 | D8: 2012 | E8: 세대분가 | F8: 0.41409516 | G8: 126.59945 | H8: 37.666214 | J8: 16-1-0001 | K8: =VLOOKUP(J8, Sheet3!$A$1:$C$470, 2, FALSE) -> 1
A9: 10008 | B9: 1 | C9: 경기도 김포시 대곶면 율마로194번길 62-18 | D9: 2012 | E9: 세대합가 | F9: 0.41409516 | G9: 126.59945 | H9: 37.666214 | J9: 16-1-0001 | K9: =VLOOKUP(J9, Sheet3!$A$1:$C$470, 2, FALSE) -> 1
A10: 10009 | B10: 2 | C10: 전라남도 완도군 금일면 월송리 791 | E10: 출생등록 | F10: 371.0744 | G10: 127.05179 | H10: 34.340904 | J10: 16-1-0002 | K10: =VLOOKUP(J10, Sheet3!$A$1:$C$470, 2, FALSE) -> 2
A11: 10010 | B11: 2 | C11: 전라남도 완도군 금일읍 월송리 791 | D11: 1980 | E11: 행정구역변경 | F11: 371.0744 | G11: 127.05179 | H11: 34.340904 | J11: 16-1-0002 | K11: =VLOOKUP(J11, Sheet3!$A$1:$C$470, 2, FALSE) -> 2
A12: 10011 | B12: 2 | C12: 전라남도 곡성군 곡성읍 죽동리 6 | D12: 1997 | E12: 전입 | F12: 271.99284 | G12: 127.28671 | H12: 35.277869 | J12: 16-1-0002 | K12: =VLOOKUP(J12, Sheet3!$A$1:$C$470, 2, FALSE) -> 2
A13: 10012 | B13: 2 | C13: 전라남도 곡성군 곡성읍 죽동리 6 | D13: 1997 | E13: 세대주성명정정 | F13: 271.99284 | G13: 127.28671 | H13: 35.277869 | J13: 16-1-0002 | K13: =VLOOKUP(J13, Sheet3!$A$1:$C$470, 2, FALSE) -> 2
A14: 10013 | B14: 2 | C14: 광주광역시 남구 주월동 1269-10 | D14: 1998 | E14: 전입 | F14: 282.44376 | G14: 126.90569 | H14: 35.131613 | J14: 16-1-0002 | K14: =VLOOKUP(J14, Sheet3!$A$1:$C$470, 2, FALSE) -> 2
A15: 10014 | B15: 2 | C15: 경기도 김포시 대곶면 율생리 470-3 | D15: 1999 | E15: 전입 | F15: 1.6281999 | G15: 126.58189 | H15: 37.654418 | J15: 16-1-0002 | K15: =VLOOKUP(J15, Sheet3!$A$1:$C$470, 2, FALSE) -> 2
A16: 10015 | B16: 2 | C16: 경기도 김포시 대곶면 율생리 529-10 | D16: 2000 | E16: 전입 | F16: 2.0897408 | G16: 126.5811 | H16: 37.649435 | J16: 16-1-0002 | K16: =VLOOKUP(J16, Sheet3!$A$1:$C$470, 2, FALSE) -> 2
A17: 10016 | B17: 2 | C17: 경기도 김포시 대곶면 율생리 529-10 | D17: 2001 | E17: 공동주택변경 | F17: 2.0897408 | G17: 126.5811 | H17: 37.649435 | J17: 16-1-0002 | K17: =VLOOKUP(J17, Sheet3!$A$1:$C$470, 2, FALSE) -> 2
A18: 10017 | B18: 2 | C18: 경기도 김포시 대곶면 율생리 529-10 | D18: 2001 | E18: 전입 | F18: 2.0897408 | G18: 126.5811 | H18: 37.649435 | J18: 16-1-0002 | K18: =VLOOKUP(J18, Sheet3!$A$1:$C$470, 2, FALSE) -> 2
A19: 10018 | B19: 2 | C19: 경기도 김포시 대곶면 율생리 529-10 | D19: 2001 | E19: 전입 | F19: 2.0897408 | G19: 126.5811 | H19: 37.649435 | J19: 16-1-0002 | K19: =VLOOKUP(J19, Sheet3!$A$1:$C$470, 2, FALSE) -> 2
A20: 10019 | B20: 2 | C20: 경기도 김포시 대곶면 거물대리 187 | D20: 2003 | E20: 전입 | F20: 0.41856991 | G20: 126.59949 | H20: 37.666233 | J20: 16-1-0002 | K20: =VLOOKUP(J20, Sheet3!$A$1:$C$470, 2, FALSE) -> 2
A21: 10020 | B21: 2 | C21: 경기도 김포시 대곶면 거물대리 187 | D21: 2003 | E21: 호적신고에의한정리 | F21: 0.41856991 | G21: 126.59949 | H21: 37.666233 | J21: 16-1-0002 | K21: =VLOOKUP(J21, Sheet3!$A$1:$C$470, 2, FALSE) -> 2
A22: 10021 | B22: 2 | C22: 경기도 김포시 대곶면 거물대리 187 | D22: 2004 | E22: 세대주변경 | F22: 0.41856991 | G22: 126.59949 | H22: 37.666233 | J22: 16-1-0002 | K22: =VLOOKUP(J22, Sheet3!$A$1:$C$470, 2, FALSE) -> 2
... A173: 10172 | B173: 270 | C173: 경기도 김포시 대곶면 율마로152번길 115 | D173: 2011 | E173: 도로명주소 | F173: 0.75027778 | G173: 126.60377 | H173: 37.664418 | J173: 20-1-0012 | K173: =VLOOKUP(J173, Sheet3!$A$1:$C$470, 2, FALSE) -> 270
A174: 10173 | B174: 271 | C174: 전라남도 보성군 율어면 유신리 869 | E174: 전입 | F174: 313.87862 | G174: 127.22959 | H174: 34.882875 | J174: 20-1-0013 | K174: =VLOOKUP(J174, Sheet3!$A$1:$C$470, 2, FALSE) -> 271
A175: 10174 | B175: 271 | C175: 경기도 김포군 대곳면 거물대리 474 | D175: 1979 | E175: 전입 | F175: 0.17881817 | G175: 126.59332 | H175: 37.66406 | J175: 20-1-0013 | K175: =VLOOKUP(J175, Sheet3!$A$1:$C$470, 2, FALSE) -> 271
A176: 10175 | B176: 271 | C176: 경기도 김포군 대곳면 거물대리 459 | D176: 1987 | E176: 세대주변경 | F176: 0.074954934 | G176: 126.59466 | H176: 37.664049 | J176: 20-1-0013 | K176: =VLOOKUP(J176, Sheet3!$A$1:$C$470, 2, FALSE) -> 271
A177: 10176 | B177: 271 | C177: 경기도 김포군 대곳면 거물대리 474 | D177: 1987 | E177: 전입 | F177: 0.17881817 | G177: 126.59332 | H177: 37.66406 | J177: 20-1-0013 | K177: =VLOOKUP(J177, Sheet3!$A$1:$C$470, 2, FALSE) -> 271
A178: 10177 | B178: 271 | C178: 경기도 김포군 대곳면 거물대리 409 | D178: 1990 | E178: 전입 | F178: 0.17303184 | G178: 126.59694 | H178: 37.665337 | J178: 20-1-0013 | K178: =VLOOKUP(J178, Sheet3!$A$1:$C$470, 2, FALSE) -> 271
A179: 10178 | B179: 271 | C179: 경기도 김포군 대곶면 거물대리 409 | D179: 1996 | E179: 명칭변경 | F179: 0.17303184 | G179: 126.59694 | H179: 37.665337 | J179: 20-1-0013 | K179: =VLOOKUP(J179, Sheet3!$A$1:$C$470, 2, FALSE) -> 271
A180: 10179 | B180: 271 | C180: 경기도 김포시 대곶면 거물대리 409 | D180: 1998 | E180: 행정구역변경 | F180: 0.17303184 | G180: 126.59694 | H180: 37.665337 | J180: 20-1-0013 | K180: =VLOOKUP(J180, Sheet3!$A$1:$C$470, 2, FALSE) -> 271
A181: 10180 | B181: 271 | C181: 경기도 김포시 대곶면 율마로 161 | D181: 2011 | E181: 도로명주소 | F181: 0.20629002 | G181: 126.59707 | H181: 37.665708 | J181: 20-1-0013 | K181: =VLOOKUP(J181, Sheet3!$A$1:$C$470, 2, FALSE) -> 271
A182: 10181 | B182: 272 | C182: 경기도 김포군 대곳면 거물대리 459 | D182: 1968 | E182: - | F182: 0.074954934 | G182: 126.59466 | H182: 37.664049 | J182: 20-1-0014 | K182: =VLOOKUP(J182, Sheet3!$A$1:$C$470, 2, FALSE) -> 272
A183: 10182 | B183: 272 | C183: 경기도 김포군 대곳면 거물대리 474 | D183: 1987 | E183: 전입 | F183: 0.17881817 | G183: 126.59332 | H183: 37.66406 | J183: 20-1-0014 | K183: =VLOOKUP(J183, Sheet3!$A$1:$C$470, 2, FALSE) -> 272
A184: 10183 | B184: 272 | C184: 경기도 김포군 대곳면 거물대리 409 | D184: 1990 | E184: 전입 | F184: 0.17303184 | G184: 126.59694 | H184: 37.665337 | J184: 20-1-0014 | K184: =VLOOKUP(J184, Sheet3!$A$1:$C$470, 2, FALSE) -> 272
A185: 10184 | B185: 272 | C185: 경기도 김포군 대곶면 거물대리 409 | D185: 1996 | E185: 명칭변경 | F185: 0.17303184 | G185: 126.59694 | H185: 37.665337 | J185: 20-1-0014 | K185: =VLOOKUP(J185, Sheet3!$A$1:$C$470, 2, FALSE) -> 272
A186: 10185 | B186: 272 | C186: 경기도 김포시 대곶면 거물대리 409 | D186: 1998 | E186: 행정구역변경 | F186: 0.17303184 | G186: 126.59694 | H186: 37.665337 | J186: 20-1-0014 | K186: =VLOOKUP(J186, Sheet3!$A$1:$C$470, 2, FALSE) -> 272
... A277: 10276 | B277: 7 | C277: 경기도 김포시 대곶면 율마로256번길 166 | D277: 2016 | E277: 전입 | F277: 1.0634524 | G277: 126.60498 | H277: 37.67019 | J277: 16-1-0007 | K277: =VLOOKUP(J277, Sheet3!$A$1:$C$470, 2, FALSE) -> 7
A278: 10277 | B278: 8 | C278: 경기도 강화군 선원면 연리 394 | E278: 전입 | F278: 8.7641941 | G278: 126.50908 | H278: 37.703812 | J278: 16-1-0008 | K278: =VLOOKUP(J278, Sheet3!$A$1:$C$470, 2, FALSE) -> 8
A279: 10278 | B279: 8 | C279: 경기도 김포군 대곳면 거물대리 29 | D279: 1980 | E279: 전입 | F279: 0.74520969 | G279: 126.59963 | H279: 37.670271 | J279: 16-1-0008 | K279: =VLOOKUP(J279, Sheet3!$A$1:$C$470, 2, FALSE) -> 8
A280: 10279 | B280: 8 | C280: 경기도 김포군 대곳면 거물대리 29 | D280: 1987 | E280: 세대주변경 | F280: 0.74520969 | G280: 126.59963 | H280: 37.670271 | J280: 16-1-0008 | K280: =VLOOKUP(J280, Sheet3!$A$1:$C$470, 2, FALSE) -> 8
A281: 10280 | B281: 8 | C281: 경기도 김포군 대곳면 거물대리 29 | D281: 1987 | E281: 세대주변경 | F281: 0.74520969 | G281: 126.59963 | H281: 37.670271 | J281: 16-1-0008 | K281: =VLOOKUP(J281, Sheet3!$A$1:$C$470, 2, FALSE) -> 8
A282: 10281 | B282: 8 | C282: 경기도 김포군 대곳면 거물대리 233 | D282: 1991 | E282: 전입 | F282: 0.65836543 | G282: 126.59863 | H282: 37.669818 | J282: 16-1-0008 | K282: =VLOOKUP(J282, Sheet3!$A$1:$C$470, 2, FALSE) -> 8
A283: 10282 | B283: 8 | C283: 경기도 김포군 대곶면 거물대리 233 | D283: 1996 | E283: 명칭변경 | F283: 0.65836543 | G283: 126.59863 | H283: 37.669818 | J283: 16-1-0008 | K283: =VLOOKUP(J283, Sheet3!$A$1:$C$470, 2, FALSE) -> 8
A284: 10283 | B284: 8 | C284: 경기도 김포시 대곶면 거물대리 233 | D284: 1998 | E284: 행정구역변경 | F284: 0.65836543 | G284: 126.59863 | H284: 37.669818 | J284: 16-1-0008 | K284: =VLOOKUP(J284, Sheet3!$A$1:$C$470, 2, FALSE) -> 8
A285: 10284 | B285: 8 | C285: 경기도 부천시 원미구 심곡동 363-9 | D285: 1999 | E285: 전입 | F285: 25.498346 | G285: 126.77587 | H285: 37.485316 | J285: 16-1-0008 | K285: =VLOOKUP(J285, Sheet3!$A$1:$C$470, 2, FALSE) -> 8
A286: 10285 | B286: 8 | C286: 경기도 김포시 대곶면 거물대리 233 | D286: 2000 | E286: 전입 | F286: 0.65836543 | G286: 126.59863 | H286: 37.669818 | J286: 16-1-0008 | K286: =VLOOKUP(J286, Sheet3!$A$1:$C$470, 2, FALSE) -> 8
A287: 10286 | B287: 8 | C287: 경기도 김포시 대곶면 거물대리 233 | D287: 2006 | E287: 세대주변경 | F287: 0.65836543 | G287: 126.59863 | H287: 37.669818 | J287: 16-1-0008 | K287: =VLOOKUP(J287, Sheet3!$A$1:$C$470, 2, FALSE) -> 8
A288: 10287 | B288: 8 | C288: 경기도 김포시 대곶면 오니산로 4 | D288: 2011 | E288: 도로명주소 | F288: 0.64853988 | G288: 126.59859 | H288: 37.669736 | J288: 16-1-0008 | K288: =VLOOKUP(J288, Sheet3!$A$1:$C$470, 2, FALSE) -> 8
A289: 10288 | B289: 8 | C289: 경기도 김포시 대곶면 율마로256번길 170-12 | D289: 2016 | E289: 전입 | F289: 1.0073247 | G289: 126.60434 | H289: 37.670029 | J289: 16-1-0008 | K289: =VLOOKUP(J289, Sheet3!$A$1:$C$470, 2, FALSE) -> 8
A290: 10289 | B290: 8 | C290: 경기도 김포시 대곶면 오니산로 4 | D290: 2016 | E290: 전입 | F290: 0.64853988 | G290: 126.59859 | H290: 37.669736 | J290: 16-1-0008 | K290: =VLOOKUP(J290, Sheet3!$A$1:$C$470, 2, FALSE) -> 8
... A376: 10375 | B376: 16 | C376: 경기도 김포시 대곶면 율마로138번길 63 | D376: 2011 | E376: 도로명주소 | F376: 0.48973449 | G376: 126.60076 | H376: 37.663914 | J376: 16-1-0016 | K376: =VLOOKUP(J376, Sheet3!$A$1:$C$470, 2, FALSE) -> 16
A377: 10376 | B377: 247 | C377: 경기도 김포군 하성면 석탄리 9 | E377: 전입 | F377: 8.6448583 | G377: 126.64618 | H377: 37.731082 | J377: 17-1-0228 | K377: =VLOOKUP(J377, Sheet3!$A$1:$C$470, 2, FALSE) -> 247
A378: 10377 | B378: 247 | C378: 경기도 김포군 대곳면 초원지리 390 | D378: 1982 | E378: 전입 | F378: 1.0049251 | G378: 126.59455 | H378: 37.655488 | J378: 17-1-0228 | K378: =VLOOKUP(J378, Sheet3!$A$1:$C$470, 2, FALSE) -> 247
A379: 10378 | B379: 247 | C379: 경기도 김포군 대곳면 초원지리 495 | D379: 1983 | E379: 전입 | F379: 0.39715222 | G379: 126.59303 | H379: 37.661417 | J379: 17-1-0228 | K379: =VLOOKUP(J379, Sheet3!$A$1:$C$470, 2, FALSE) -> 247
A380: 10379 | B380: 247 | C380: 인천직할시 중구 답동 7 | D380: 1984 | E380: 전입 | F380: 21.68388 | G380: 126.62834 | H380: 37.470936 | J380: 17-1-0228 | K380: =VLOOKUP(J380, Sheet3!$A$1:$C$470, 2, FALSE) -> 247
A381: 10380 | B381: 247 | C381: 경기도 김포군 대곳면 초원지리 495 | D381: 1985 | E381: 전입 | F381: 0.39715222 | G381: 126.59303 | H381: 37.661417 | J381: 17-1-0228 | K381: =VLOOKUP(J381, Sheet3!$A$1:$C$470, 2, FALSE) -> 247
A382: 10381 | B382: 247 | C382: 경기도 김포군 대곶면 초원지리 495 | D382: 1996 | E382: 명칭변경 | F382: 0.39715222 | G382: 126.59303 | H382: 37.661417 | J382: 17-1-0228 | K382: =VLOOKUP(J382, Sheet3!$A$1:$C$470, 2, FALSE) -> 247
A383: 10382 | B383: 247 | C383: 경기도 김포시 대곶면 초원지리 495 | D383: 1998 | E383: 행정구역변경 | F383: 0.39715222 | G383: 126.59303 | H383: 37.661417 | J383: 17-1-0228 | K383: =VLOOKUP(J383, Sheet3!$A$1:$C$470, 2, FALSE) -> 247
A384: 10383 | B384: 247 | C384: 경기도 김포시 대곶면 초원지리 495 | D384: 1999 | E384: 세대주변경 | F384: 0.39715222 | G384: 126.59303 | H384: 37.661417 | J384: 17-1-0228 | K384: =VLOOKUP(J384, Sheet3!$A$1:$C$470, 2, FALSE) -> 247
A385: 10384 | B385: 247 | C385: 경기도 김포시 대곶면 초원지리 495 | D385: 1999 | E385: 전입 | F385: 0.39715222 | G385: 126.59303 | H385: 37.661417 | J385: 17-1-0228 | K385: =VLOOKUP(J385, Sheet3!$A$1:$C$470, 2, FALSE) -> 247
A386: 10385 | B386: 247 | C386: 경기도 김포시 대곶면 대곶북로68번길 91 | D386: 2011 | E386: 도로명주소 | F386: 0.40523185 | G386: 126.59243 | H386: 37.661653 | J386: 17-1-0228 | K386: =VLOOKUP(J386, Sheet3!$A$1:$C$470, 2, FALSE) -> 247
A387: 10386 | B387: 17 | C387: 경기도 김포군 대곳면 거물대리 214 | D387: 1972 | E387: 신규등록 | F387: 0.5887438 | G387: 126.59905 | H387: 37.668894 | J387: 16-1-0017 | K387: =VLOOKUP(J387, Sheet3!$A$1:$C$470, 2, FALSE) -> 17
A388: 10387 | B388: 17 | C388: 경기도 김포군 대곶면 거물대리 214 | D388: 1996 | E388: 명칭변경 | F388: 0.5887438 | G388: 126.59905 | H388: 37.668894 | J388: 16-1-0017 | K388: =VLOOKUP(J388, Sheet3!$A$1:$C$470, 2, FALSE) -> 17
A389: 10388 | B389: 17 | C389: 경기도 김포시 대곶면 거물대리 214 | D389: 1998 | E389: 행정구역변경 | F389: 0.5887438 | G389: 126.59905 | H389: 37.668894 | J389: 16-1-0017 | K389: =VLOOKUP(J389, Sheet3!$A$1:$C$470, 2, FALSE) -> 17
... A786: 10785 | B786: 314 | C786: 경기도 김포시 대곶면 율마로 220-16 | D786: 2011 | E786: 도로명주소 | F786: 0.77480471 | G786: 126.59929 | H786: 37.670726 | J786: 20-1-0056 | K786: =VLOOKUP(J786, Sheet3!$A$1:$C$470, 2, FALSE) -> 314
A787: 10786 | B787: 315 | C787: 경기도 김포군 대곳면 가현리 472 | E787: 전입 | F787: 4.069684 | G787: 126.54953 | H787: 37.669296 | J787: 20-1-0057 | K787: =VLOOKUP(J787, Sheet3!$A$1:$C$470, 2, FALSE) -> 315
A788: 10787 | B788: 315 | C788: 서울특별시 마포구 염리동 51-22 | D788: 1980 | E788: 전입 | F788: 33.665105 | G788: 126.94805 | H788: 37.549506 | J788: 20-1-0057 | K788: =VLOOKUP(J788, Sheet3!$A$1:$C$470, 2, FALSE) -> 315
A789: 10788 | B789: 315 | C789: 경기도 김포군 대곳면 가현리 472 | D789: 1980 | E789: 전입 | F789: 4.069684 | G789: 126.54953 | H789: 37.669296 | J789: 20-1-0057 | K789: =VLOOKUP(J789, Sheet3!$A$1:$C$470, 2, FALSE) -> 315
A790: 10789 | B790: 315 | C790: 경기도 김포군 통진면 가현리 472 | D790: 1983 | E790: 행정구역변경 | F790: 0.92552951 | G790: 126.59916 | H790: 37.672266 | J790: 20-1-0057 | K790: =VLOOKUP(J790, Sheet3!$A$1:$C$470, 2, FALSE) -> 315
A791: 10790 | B791: 315 | C791: 경기도 김포군 대곳면 거물대리 225-1 | D791: 1994 | E791: 전입 | F791: 0.77758808 | G791: 126.59934 | H791: 37.670736 | J791: 20-1-0057 | K791: =VLOOKUP(J791, Sheet3!$A$1:$C$470, 2, FALSE) -> 315
A792: 10791 | B792: 315 | C792: 경기도 김포군 대곶면 거물대리 225-1 | D792: 1996 | E792: 명칭변경 | F792: 0.77758808 | G792: 126.59934 | H792: 37.670736 | J792: 20-1-0057 | K792: =VLOOKUP(J792, Sheet3!$A$1:$C$470, 2, FALSE) -> 315
A793: 10792 | B793: 315 | C793: 경기도 김포시 대곶면 거물대리 225-1 | D793: 1998 | E793: 행정구역변경 | F793: 0.77758808 | G793: 126.59934 | H793: 37.670736 | J793: 20-1-0057 | K793: =VLOOKUP(J793, Sheet3!$A$1:$C$470, 2, FALSE) -> 315
A794: 10793 | B794: 315 | C794: 경기도 김포시 대곶면 율마로 220-16 | D794: 2011 | E794: 도로명주소 | F794: 0.77480471 | G794: 126.59929 | H794: 37.670726 | J794: 20-1-0057 | K794: =VLOOKUP(J794, Sheet3!$A$1:$C$470, 2, FALSE) -> 315
A795: 10794 | B795: 316 | C795: 경기도 김포군 대곳면 가현리 472 | D795: 1980 | E795: 출생등록 | F795: 4.069684 | G795: 126.54953 | H795: 37.669296 | J795: 20-1-0058 | K795: =VLOOKUP(J795, Sheet3!$A$1:$C$470, 2, FALSE) -> 316
A796: 10795 | B796: 316 | C796: 경기도 김포군 대곳면 가현리 472 | D796: 1980 | E796: 세대주변경 | F796: 4.069684 | G796: 126.54953 | H796: 37.669296 | J796: 20-1-0058 | K796: =VLOOKUP(J796, Sheet3!$A$1:$C$470, 2, FALSE) -> 316
A797: 10796 | B797: 316 | C797: 경기도 김포군 통진면 가현리 472 | D797: 1983 | E797: 행정구역변경 | F797: 0.92552951 | G797: 126.59916 | H797: 37.672266 | J797: 20-1-0058 | K797: =VLOOKUP(J797, Sheet3!$A$1:$C$470, 2, FALSE) -> 316
A798: 10797 | B798: 316 | C798: 경기도 김포군 대곳면 거물대리 225-1 | D798: 1994 | E798: 전입 | F798: 0.77758808 | G798: 126.59934 | H798: 37.670736 | J798: 20-1-0058 | K798: =VLOOKUP(J798, Sheet3!$A$1:$C$470, 2, FALSE) -> 316
A799: 10798 | B799: 316 | C799: 경기도 김포군 대곶면 거물대리 225-1 | D799: 1996 | E799: 명칭변경 | F799: 0.77758808 | G799: 126.59934 | H799: 37.670736 | J799: 20-1-0058 | K799: =VLOOKUP(J799, Sheet3!$A$1:$C$470, 2, FALSE) -> 316
... A865: 10864 | B865: 322 | C865: 경기도 김포시 대곶면 오니산로 14-15 | D865: 2014 | E865: 전입 | F865: 0.60497649 | G865: 126.5995 | H865: 37.66881 | J865: 20-1-0064 | K865: =VLOOKUP(J865, Sheet3!$A$1:$C$470, 2, FALSE) -> 322
A866: 10865 | B866: 323 | C866: 충청북도 음성군 삼성면 대정리 146 | E866: 전입 | F866: 108.8032 | G866: 127.52761 | H866: 37.026541 | J866: 20-1-0065 | K866: =VLOOKUP(J866, Sheet3!$A$1:$C$470, 2, FALSE) -> 323
A867: 10866 | B867: 323 | C867: 경기도 김포군 대곳면 거물대리 212 | D867: 1989 | E867: 전입 | F867: 0.57984975 | G867: 126.59935 | H867: 37.668619 | J867: 20-1-0065 | K867: =VLOOKUP(J867, Sheet3!$A$1:$C$470, 2, FALSE) -> 323
A868: 10867 | B868: 323 | C868: 경기도 김포군 대곳면 거물대리 212 | D868: 1991 | E868: 호적신고에의한정리 | F868: 0.57984975 | G868: 126.59935 | H868: 37.668619 | J868: 20-1-0065 | K868: =VLOOKUP(J868, Sheet3!$A$1:$C$470, 2, FALSE) -> 323
A869: 10868 | B869: 323 | C869: 경기도 김포군 대곶면 거물대리 212 | D869: 1996 | E869: 명칭변경 | F869: 0.57984975 | G869: 126.59935 | H869: 37.668619 | J869: 20-1-0065 | K869: =VLOOKUP(J869, Sheet3!$A$1:$C$470, 2, FALSE) -> 323
A870: 10869 | B870: 323 | C870: 경기도 김포시 대곶면 거물대리 212 | D870: 1998 | E870: 행정구역변경 | F870: 0.57984975 | G870: 126.59935 | H870: 37.668619 | J870: 20-1-0065 | K870: =VLOOKUP(J870, Sheet3!$A$1:$C$470, 2, FALSE) -> 323
A871: 10870 | B871: 323 | C871: 경기도 김포시 대곶면 거물대리 212 | D871: 2005 | E871: 세대주변경 | F871: 0.57984975 | G871: 126.59935 | H871: 37.668619 | J871: 20-1-0065 | K871: =VLOOKUP(J871, Sheet3!$A$1:$C$470, 2, FALSE) -> 323
A872: 10871 | B872: 323 | C872: 경기도 김포시 대곶면 오니산로 14-15 | D872: 2014 | E872: 전입 | F872: 0.60497649 | G872: 126.5995 | H872: 37.66881 | J872: 20-1-0065 | K872: =VLOOKUP(J872, Sheet3!$A$1:$C$470, 2, FALSE) -> 323
A873: 10872 | B873: 324 | C873: 서울특별시 강서구 신정동 산 5-7 | D873: 1977 | E873: - | F873: 28.017731 | G873: 126.85047 | H873: 37.514583 | J873: 20-1-0066 | K873: =VLOOKUP(J873, Sheet3!$A$1:$C$470, 2, FALSE) -> 324
A874: 10873 | B874: 324 | C874: 서울특별시 강서구 목동 산 73-32 | D874: 1980 | E874: 전입 | F874: 27.570784 | G874: 126.86518 | H874: 37.539666 | J874: 20-1-0066 | K874: =VLOOKUP(J874, Sheet3!$A$1:$C$470, 2, FALSE) -> 324
A875: 10874 | B875: 324 | C875: 서울특별시 강서구 목동 산 73-32 | D875: 1980 | E875: 통반변경 | F875: 27.570784 | G875: 126.86518 | H875: 37.539666 | J875: 20-1-0066 | K875: =VLOOKUP(J875, Sheet3!$A$1:$C$470, 2, FALSE) -> 324
A876: 10875 | B876: 324 | C876: 서울특별시 강서구 목동 산 73-32 | D876: 1980 | E876: 행정구역변경 | F876: 27.570784 | G876: 126.86518 | H876: 37.539666 | J876: 20-1-0066 | K876: =VLOOKUP(J876, Sheet3!$A$1:$C$470, 2, FALSE) -> 324
A877: 10876 | B877: 324 | C877: 서울특별시 강서구 목동 256-6 | D877: 1980 | E877: 통반변경 | F877: 27.781178 | G877: 126.86813 | H877: 37.539937 | J877: 20-1-0066 | K877: =VLOOKUP(J877, Sheet3!$A$1:$C$470, 2, FALSE) -> 324
A878: 10877 | B878: 324 | C878: 서울특별시 강서구 목동 766-9 | D878: 1982 | E878: 지번정정 | F878: 28.030221 | G878: 126.86882 | H878: 37.536421 | J878: 20-1-0066 | K878: =VLOOKUP(J878, Sheet3!$A$1:$C$470, 2, FALSE) -> 324
... A1037: 11036 | B1037: 342 | C1037: 경기도 김포시 대곶면 율마로152번길 77 | D1037: 2011 | E1037: 도로명주소 | F1037: 0.57062925 | G1037: 126.60172 | H1037: 37.664854 | J1037: 20-1-0084 | K1037: =VLOOKUP(J1037, Sheet3!$A$1:$C$470, 2, FALSE) -> 342
A1038: 11037 | B1038: 343 | C1038: 경기도 인천시남구 주안동 478 | E1038: - | F1038: 23.95289 | G1038: 126.67789 | H1038: 37.458977 | J1038: 20-1-0085 | K1038: =VLOOKUP(J1038, Sheet3!$A$1:$C$470, 2, FALSE) -> 343
A1039: 11038 | B1039: 343 | C1039: 인천직할시 북구 석남동 287 | E1039: - | F1039: 18.610311 | G1039: 126.65595 | H1039: 37.503952 | J1039: 20-1-0085 | K1039: =VLOOKUP(J1039, Sheet3!$A$1:$C$470, 2, FALSE) -> 343
A1040: 11039 | B1040: 343 | C1040: 인천직할시 남구 도화동 66 | E1040: - | F1040: 22.360976 | G1040: 126.66583 | H1040: 37.471041 | J1040: 20-1-0085 | K1040: =VLOOKUP(J1040, Sheet3!$A$1:$C$470, 2, FALSE) -> 343
A1041: 11040 | B1041: 343 | C1041: 인천직할시 남구 도화동 66 | E1041: - | F1041: 22.360976 | G1041: 126.66583 | H1041: 37.471041 | J1041: 20-1-0085 | K1041: =VLOOKUP(J1041, Sheet3!$A$1:$C$470, 2, FALSE) -> 343
A1042: 11041 | B1042: 343 | C1042: 경기도 안양시 비산동 196-6 | E1042: - | F1042: 41.40876 | G1042: 126.93829 | H1042: 37.410388 | J1042: 20-1-0085 | K1042: =VLOOKUP(J1042, Sheet3!$A$1:$C$470, 2, FALSE) -> 343
A1043: 11042 | B1043: 343 | C1043: 경기도 안양시 비산동 213-32 | E1043: - | F1043: 41.848914 | G1043: 126.94199 | H1043: 37.407745 | J1043: 20-1-0085 | K1043: =VLOOKUP(J1043, Sheet3!$A$1:$C$470, 2, FALSE) -> 343
A1044: 11043 | B1044: 343 | C1044: 경기도 김포군 대곳면 거물대리 155 | E1044: - | F1044: 0.55487421 | G1044: 126.60154 | H1044: 37.664887 | J1044: 20-1-0085 | K1044: =VLOOKUP(J1044, Sheet3!$A$1:$C$470, 2, FALSE) -> 343
...

Sheet Sheet3
A1: 16-1-0001 | B1: 1 | C1: 최해진
A2: 16-1-0002 | B2: 2 | C2: 구미숙
A3: 16-1-0003 | B3: 3 | C3: 김만식
A4: 16-1-0004 | B4: 4 | C4: 배중호
A5: 16-1-0005 | B5: 5 | C5: 이명순
A6: 16-1-0006 | B6: 6 | C6: 간규섭
A7: 16-1-0007 | B7: 7 | C7: 간왕춘
A8: 16-1-0008 | B8: 8 | C8: 윤문숙
A9: 16-1-0009 | B9: 9 | C9: 이효재
A10: 16-1-0010 | B10: 10 | C10: 백미숙
A11: 16-1-0011 | B11: 11 | C11: 유춘자
A12: 16-1-0012 | B12: 12 | C12: 윤영희
... A470: 23-1-0005 | B470: 1157 | C470: 이순신

Sheet Sheet2
A1: 피해자번호(식별ID) | B1: 거주기간 | C1: 피해지역
A2: 16-1-0001
A3: 16-1-0002
A4: 16-1-0003
A5: 16-1-0004
A6: 16-1-0005
A7: 16-1-0006
A8: 17-2-0223
A9: 17-2-0224
A10: 20-1-0001
A11: 20-1-0002
A12: 20-1-0003
A13: 20-1-0004
... A442: 17-1-0013
